袗写褉械褋 褋泻谢邪写邪;袛邪褌邪 锌芯褋褌褍锌谢械薪懈褟;袣谢邪褋褋褘 袦孝袪;袧邪懈屑械薪芯胁邪薪懈械 泻谢邪褋褋邪;袩芯写泻谢邪褋褋褘 袦孝袪;袧邪懈屑械薪芯胁邪薪懈械 锌芯写泻谢邪褋褋邪;袣小袦 (泻芯写 屑邪褌械褉懈邪谢邪);袧邪懈屑械薪芯胁邪薪懈械 屑邪褌械褉懈邪谢邪;袘袝袠 (械写懈薪懈褑邪 懈蟹屑械褉械薪懈褟);袣芯谢懈褔械褋褌胁芯;笑械薪邪 蟹邪锌邪褋邪
"袧芯胁芯泻褍泄斜褘褕械胁褋泻, 褍谢懈褑邪 袨褋懈锌械薪泻芯 12, 小邪屑邪褉褋泻邪褟 芯斜谢邪褋褌褜, 袪芯褋褋懈褟";21.12.2022;34;袩褉芯写褍泻褑懈褟 谢械褋薪芯泄 懈  写械褉械胁芯芯斜褉邪斜邪褌.锌褉芯屑.;34-020000;袩懈谢芯屑邪褌械褉懈邪谢褘;1575043;袛芯褋泻邪-1-褏胁芯泄薪邪褟-50褏200;袣褍斜懈褔袦械褌褉; 10.020;1 266.14
"袧芯胁芯泻褍泄斜褘褕械胁褋泻, 袩褉芯屑褘褕谢械薪薪邪褟 褍谢懈褑邪 7邪 , 小邪屑邪褉褋泻邪褟 芯斜谢邪褋褌褜, 袪芯褋褋懈褟";22.02.2018;34;袩褉芯写褍泻褑懈褟 谢械褋薪芯泄 懈  写械褉械胁芯芯斜褉邪斜邪褌.锌褉芯屑.;34-020000;袩懈谢芯屑邪褌械褉懈邪谢褘;1040752;袘褉褍褋-1-褏胁芯泄薪褘泄-40褏40;袣褍斜懈褔袦械褌褉; 60.000;31 109.76
"袧芯胁芯泻褍泄斜褘褕械胁褋泻, 袩褉芯屑褘褕谢械薪薪邪褟 褍谢懈褑邪 7邪 , 小邪屑邪褉褋泻邪褟 芯斜谢邪褋褌褜, 袪芯褋褋懈褟";25.05.2020;34;袩褉芯写褍泻褑懈褟 谢械褋薪芯泄 懈  写械褉械胁芯芯斜褉邪斜邪褌.锌褉芯屑.;34-020000;袩懈谢芯屑邪褌械褉懈邪谢褘;1041059;袘褉褍褋-1-褏胁芯泄薪褘泄-50褏50;袣褍斜懈褔袦械褌褉; 110.000;28 719.86
"袧芯胁芯泻褍泄斜褘褕械胁褋泻, 袩褉芯屑褘褕谢械薪薪邪褟 褍谢懈褑邪 7邪 , 小邪屑邪褉褋泻邪褟 芯斜谢邪褋褌褜, 袪芯褋褋懈褟";27.02.2021;34;袩褉芯写褍泻褑懈褟 谢械褋薪芯泄 懈  写械褉械胁芯芯斜褉邪斜邪褌.锌褉芯屑.;34-020000;袩懈谢芯屑邪褌械褉懈邪谢褘;1501672;袛芯褋泻邪-1-褏胁芯泄薪邪褟-28 (薪械芯斜褉械蟹薪邪褟);袣褍斜懈褔袦械褌褉; 320.000;1 068.67
"袧芯胁芯泻褍泄斜褘褕械胁褋泻, 袩褉芯屑褘褕谢械薪薪邪褟 褍谢懈褑邪 7邪 , 小邪屑邪褉褋泻邪褟 芯斜谢邪褋褌褜, 袪芯褋褋懈褟";18.02.2020;34;袩褉芯写褍泻褑懈褟 谢械褋薪芯泄 懈  写械褉械胁芯芯斜褉邪斜邪褌.锌褉芯屑.;34-020000;袩懈谢芯屑邪褌械褉懈邪谢褘;10325253;"袘褉褍褋芯泻-1-褏胁芯泄薪褘泄-50褏50屑屑, 3000屑屑";楔褌褍泻邪; 160.000; 948.72
"袧芯胁芯泻褍泄斜褘褕械胁褋泻, 袩褉芯屑褘褕谢械薪薪邪褟 褍谢懈褑邪 7邪 , 小邪屑邪褉褋泻邪褟 芯斜谢邪褋褌褜, 袪芯褋褋懈褟";04.12.2016;34;袩褉芯写褍泻褑懈褟 谢械褋薪芯泄 懈  写械褉械胁芯芯斜褉邪斜邪褌.锌褉芯屑.;34-020000;袩懈谢芯屑邪褌械褉懈邪谢褘;10384354;"袛芯褋泻邪-2-褏胁芯泄薪邪褟-21褏90屑屑, 6000屑屑";楔褌褍泻邪; 50.000;1 170.25
"袧芯胁芯泻褍泄斜褘褕械胁褋泻, 袩褉芯屑褘褕谢械薪薪邪褟 褍谢懈褑邪 7邪 , 小邪屑邪褉褋泻邪褟 芯斜谢邪褋褌褜, 袪芯褋褋懈褟";04.09.2024;34;袩褉芯写褍泻褑懈褟 谢械褋薪芯泄 懈  写械褉械胁芯芯斜褉邪斜邪褌.锌褉芯屑.;34-020000;袩懈谢芯屑邪褌械褉懈邪谢褘;10384802;"袘褉褍褋-2-褏胁芯泄薪褘泄-45褏96屑屑, 6000屑";楔褌褍泻邪; 72.500;1 017.88
"袧芯胁芯泻褍泄斜褘褕械胁褋泻, 褍谢. 袨褋懈锌械薪泻芯 12, 小邪屑邪褉褋泻邪褟 芯斜谢邪褋褌褜, 袪芯褋褋懈褟";27.07.2017;34;袩褉芯写褍泻褑懈褟 谢械褋薪芯泄 懈  写械褉械胁芯芯斜褉邪斜邪褌.锌褉芯屑.;34-020000;袩懈谢芯屑邪褌械褉懈邪谢褘;1289299;袘褉褍褋-1-褏胁芯泄薪褘泄-40褏40屑屑 3屑;楔褌褍泻邪; 3.000;1 278.37
"袧芯胁芯泻褍泄斜褘褕械胁褋泻, 褍谢. 袨褋懈锌械薪泻芯 12, 小邪屑邪褉褋泻邪褟 芯斜谢邪褋褌褜, 袪芯褋褋懈褟";15.05.2019;34;袩褉芯写褍泻褑懈褟 谢械褋薪芯泄 懈  写械褉械胁芯芯斜褉邪斜邪褌.锌褉芯屑.;34-020000;袩懈谢芯屑邪褌械褉懈邪谢褘;1563321;袛芯褋泻邪-1-褏胁芯泄薪邪褟-50褏200 (6000屑屑);楔褌褍泻邪; 14.000;1 097.87
"袧芯胁芯泻褍泄斜褘褕械胁褋泻, 褍谢. 袨褋懈锌械薪泻芯 12, 小邪屑邪褉褋泻邪褟 芯斜谢邪褋褌褜, 袪芯褋褋懈褟";16.11.2017;34;袩褉芯写褍泻褑懈褟 谢械褋薪芯泄 懈  写械褉械胁芯芯斜褉邪斜邪褌.锌褉芯屑.;34-020000;袩懈谢芯屑邪褌械褉懈邪谢褘;2038987;袛芯褋泻邪-2-褏胁芯泄薪邪褟-13;袣褍斜懈褔袦械褌褉; 71.000;1 291.46
"袧芯胁芯泻褍泄斜褘褕械胁褋泻, 褍谢. 袨褋懈锌械薪泻芯 12, 小邪屑邪褉褋泻邪褟 芯斜谢邪褋褌褜, 袪芯褋褋懈褟";22.02.2024;34;袩褉芯写褍泻褑懈褟 谢械褋薪芯泄 懈  写械褉械胁芯芯斜褉邪斜邪褌.锌褉芯屑.;34-020000;袩懈谢芯屑邪褌械褉懈邪谢褘;1059585;袘褉褍褋-2-褏胁芯泄薪褘泄-100啸100;袣褍斜懈褔袦械褌褉; 9.180;33 147.56
"袧芯胁芯泻褍泄斜褘褕械胁褋泻, 褍谢. 袨褋懈锌械薪泻芯 12, 小邪屑邪褉褋泻邪褟 芯斜谢邪褋褌褜, 袪芯褋褋懈褟";17.11.2023;34;袩褉芯写褍泻褑懈褟 谢械褋薪芯泄 懈  写械褉械胁芯芯斜褉邪斜邪褌.锌褉芯屑.;34-020000;袩懈谢芯屑邪褌械褉懈邪谢褘;1070615;袘褉褍褋-2-褏胁芯泄薪褘泄-200褏200;袣褍斜懈褔袦械褌褉; 3.120;34 860.07
"袧芯胁芯泻褍泄斜褘褕械胁褋泻, 褍谢. 袨褋懈锌械薪泻芯 12, 小邪屑邪褉褋泻邪褟 芯斜谢邪褋褌褜, 袪芯褋褋懈褟";05.09.2021;34;袩褉芯写褍泻褑懈褟 谢械褋薪芯泄 懈  写械褉械胁芯芯斜褉邪斜邪褌.锌褉芯屑.;34-020000;袩懈谢芯屑邪褌械褉懈邪谢褘;10325253;"袘褉褍褋芯泻-1-褏胁芯泄薪褘泄-50褏50屑屑, 3000屑屑";楔褌褍泻邪; 2.000;1 106.39
"袧芯胁芯泻褍泄斜褘褕械胁褋泻, 褍谢. 袨褋懈锌械薪泻芯 12, 小邪屑邪褉褋泻邪褟 芯斜谢邪褋褌褜, 袪芯褋褋懈褟";03.04.2016;34;袩褉芯写褍泻褑懈褟 谢械褋薪芯泄 懈  写械褉械胁芯芯斜褉邪斜邪褌.锌褉芯屑.;34-020000;袩懈谢芯屑邪褌械褉懈邪谢褘;1041059;袘褉褍褋-1-褏胁芯泄薪褘泄-50褏50;袣褍斜懈褔袦械褌褉; 0.300;31 654.70